feature,importance,model,importance_type,rank
project_prf_max_team_size,1060,LGBMRegressor,feature_importances_,1
project_prf_functional_size,1008,LGBMRegressor,feature_importances_,2
tech_tf_primary_programming_language,377,LGBMRegressor,feature_importances_,3
process_pmf_docs,335,LGBMRegressor,feature_importances_,4
project_prf_development_type_enhancement,158,LGBMRegressor,feature_importances_,5
functional_size_group_m_100_999,144,LGBMRegressor,feature_importances_,6
project_prf_development_type_new_development,132,LGBMRegressor,feature_importances_,7
project_prf_application_type_financial transaction process/accounting,116,LGBMRegressor,feature_importances_,8
tech_tf_language_type_3gl,107,LGBMRegressor,feature_importances_,9
functional_size_group_s_100,107,LGBMRegressor,feature_importances_,10
tech_tf_architecture_missing,102,LGBMRegressor,feature_importances_,11
project_prf_team_size_group_missing,97,LGBMRegressor,feature_importances_,12
tech_tf_development_platform_pc,95,LGBMRegressor,feature_importances_,13
tech_tf_development_platform_mf,85,LGBMRegressor,feature_importances_,14
project_prf_relative_size_m2,78,LGBMRegressor,feature_importances_,15
project_prf_relative_size_s,76,LGBMRegressor,feature_importances_,16
project_prf_relative_size_m1,73,LGBMRegressor,feature_importances_,17
tech_tf_tools_used,54,LGBMRegressor,feature_importances_,18
external_eef_industry_sector_banking,51,LGBMRegressor,feature_importances_,19
external_eef_organisation_type_banking,38,LGBMRegressor,feature_importances_,20
external_eef_organisation_type_transport_and_storage,35,LGBMRegressor,feature_importances_,21
tech_tf_language_type_4gl,35,LGBMRegressor,feature_importances_,22
tech_tf_architecture_client_server,35,LGBMRegressor,feature_importances_,23
external_eef_industry_sector_financial,34,LGBMRegressor,feature_importances_,24
tech_tf_architecture_stand_alone,32,LGBMRegressor,feature_importances_,25
external_eef_organisation_type_government,31,LGBMRegressor,feature_importances_,26
project_prf_application_group_business_application,29,LGBMRegressor,feature_importances_,27
external_eef_organisation_type_financial_property_and_business_services,29,LGBMRegressor,feature_importances_,28
external_eef_organisation_type_medical_and_health_care,29,LGBMRegressor,feature_importances_,29
project_prf_team_size_group_1,26,LGBMRegressor,feature_importances_,30
process_pmf_development_methodologies_agile_development,26,LGBMRegressor,feature_importances_,31
project_prf_relative_size_xs,24,LGBMRegressor,feature_importances_,32
project_prf_case_tool_used_no,22,LGBMRegressor,feature_importances_,33
tech_tf_dbms_used_yes,22,LGBMRegressor,feature_importances_,34
project_prf_case_tool_used_missing,21,LGBMRegressor,feature_importances_,35
external_eef_organisation_type_wholesale_and_retail_trade,17,LGBMRegressor,feature_importances_,36
tech_tf_client_server_don_t_know,16,LGBMRegressor,feature_importances_,37
external_eef_organisation_type_education_institution,15,LGBMRegressor,feature_importances_,38
tech_tf_dbms_used_missing,14,LGBMRegressor,feature_importances_,39
tech_tf_development_platform_multi,13,LGBMRegressor,feature_importances_,40
tech_tf_development_platform_missing,11,LGBMRegressor,feature_importances_,41
external_eef_organisation_type_communications,11,LGBMRegressor,feature_importances_,42
project_prf_application_type_financial transaction process/accounting; workflow support & management,9,LGBMRegressor,feature_importances_,43
tech_tf_language_type_missing,9,LGBMRegressor,feature_importances_,44
tech_tf_architecture_multi_tier,9,LGBMRegressor,feature_importances_,45
project_prf_relative_size_l,8,LGBMRegressor,feature_importances_,46
process_pmf_development_methodologies_missing,8,LGBMRegressor,feature_importances_,47
project_prf_team_size_group_3_4,7,LGBMRegressor,feature_importances_,48
project_prf_application_type_surveillance and security,7,LGBMRegressor,feature_importances_,49
functional_size_group_l_1000_2999,6,LGBMRegressor,feature_importances_,50
project_prf_application_type_business application,5,LGBMRegressor,feature_importances_,51
process_pmf_development_methodologies_waterfall_incl_linear_processing_and_ssadm,5,LGBMRegressor,feature_importances_,52
project_prf_team_size_group_9_14,4,LGBMRegressor,feature_importances_,53
external_eef_data_quality_rating_a,4,LGBMRegressor,feature_importances_,54
project_prf_relative_size_missing,4,LGBMRegressor,feature_importances_,55
project_prf_team_size_group_5_8,3,LGBMRegressor,feature_importances_,56
project_prf_relative_size_xxs,3,LGBMRegressor,feature_importances_,57
project_prf_development_type_re_development,2,LGBMRegressor,feature_importances_,58
project_prf_application_type_cards and payments,2,LGBMRegressor,feature_importances_,59
project_prf_team_size_group_21_30,2,LGBMRegressor,feature_importances_,60
project_prf_application_type_missing,2,LGBMRegressor,feature_importances_,61
project_prf_application_type_management or performance reporting; online analysis and reporting,2,LGBMRegressor,feature_importances_,62
project_prf_application_type_management or performance reporting,1,LGBMRegressor,feature_importances_,63
project_prf_relative_size_xxl,1,LGBMRegressor,feature_importances_,64
project_prf_team_size_group_15_20,1,LGBMRegressor,feature_importances_,65
tech_tf_client_server_missing,1,LGBMRegressor,feature_importances_,66
tech_tf_client_server_yes,1,LGBMRegressor,feature_importances_,67
project_prf_case_tool_used_yes,1,LGBMRegressor,feature_importances_,68
tech_tf_architecture_multi_tier_client_server,0,LGBMRegressor,feature_importances_,69
project_prf_application_type_online analysis and reporting,0,LGBMRegressor,feature_importances_,70
tech_tf_architecture_multi_tier_with_web_public_interface,0,LGBMRegressor,feature_importances_,71
process_pmf_development_methodologies_unified_process,0,LGBMRegressor,feature_importances_,72
external_eef_data_quality_rating_d,0,LGBMRegressor,feature_importances_,73
project_prf_application_type_operating system or software utility,0,LGBMRegressor,feature_importances_,74
project_prf_application_group_infrastructure_software,0,LGBMRegressor,feature_importances_,75
process_pmf_development_methodologies_lean,0,LGBMRegressor,feature_importances_,76
project_prf_application_type_electronic data interchange,0,LGBMRegressor,feature_importances_,77
project_prf_application_group_real_time_application,0,LGBMRegressor,feature_importances_,78
external_eef_organisation_type_financial_banking_insurance_stock,0,LGBMRegressor,feature_importances_,79
tech_tf_development_platform_mr,0,LGBMRegressor,feature_importances_,80
tech_tf_development_platform_proprietary,0,LGBMRegressor,feature_importances_,81
external_eef_organisation_type_banking_insurance_stock,0,LGBMRegressor,feature_importances_,82
tech_tf_language_type_5gl,0,LGBMRegressor,feature_importances_,83
project_prf_application_type_workflow support & management,0,LGBMRegressor,feature_importances_,84
functional_size_group_xl_3000_8999,0,LGBMRegressor,feature_importances_,85
project_prf_team_size_group_31_40,0,LGBMRegressor,feature_importances_,86
functional_size_group_xxl_9000_17999,0,LGBMRegressor,feature_importances_,87
project_prf_application_type_auditing management,0,LGBMRegressor,feature_importances_,88
project_prf_application_type_mobile application,0,LGBMRegressor,feature_importances_,89
project_prf_relative_size_xl,0,LGBMRegressor,feature_importances_,90
project_prf_application_type_customer billing/relationship management,0,LGBMRegressor,feature_importances_,91
project_prf_application_group_missing,0,LGBMRegressor,feature_importances_,92
project_prf_team_size_group_2,0,LGBMRegressor,feature_importances_,93
project_prf_year_of_project,0,LGBMRegressor,feature_importances_,94
